Fecha,Periodo,Año,Mes,Asset Code,N° Noches,N° Pasajeros,Mascota,Canal de Venta,Precio x Noche,Precio [$CLP] IVA Inc,Tax Booking,Clean Up,IVA 19%,Medio de Pago,Boleta/Factura,Pago en USD,Precio [$CLP] Neto
2022-01-02,2022-01,2022,Enero,C1,1,5,0,Venta Directa,70000.0,70000.0,0.0,1,11176.470588235294,TEF,BOL,0,58823.529411764706
2022-01-04,2022-01,2022,Enero,C1,1,5,0,Airbnb,75000.0,75000.0,2677.4999999999995,1,11974.789915966387,TEF,BOL,0,63025.21008403361
2022-01-05,2022-01,2022,Enero,C1,1,5,0,Venta Directa,75000.0,75000.0,0.0,1,11974.789915966387,TEF,BOL,0,63025.21008403361
2022-01-06,2022-01,2022,Enero,C1,1,6,0,Booking,97104.0,97104.0,13566.000000000002,1,15504.0,TEF,BOL,1,81600.0
2022-01-11,2022-01,2022,Enero,C1,1,5,0,Booking,92248.0,92248.0,12887.588235294119,1,14728.672268907565,TEF,BOL,1,77519.32773109245
2022-01-12,2022-01,2022,Enero,C1,1,5,0,Booking,90304.0,90304.0,12616.000000000002,1,14418.285714285716,TEF,BOL,1,75885.71428571429
2022-01-14,2022-01,2022,Enero,C1,3,7,0,Booking,88365.33333333333,265096.0,37035.4705882353,1,42326.25210084034,TEF,BOL,1,222769.74789915967
2022-01-17,2022-01,2022,Enero,C1,1,2,1,Booking,88368.0,88368.0,12345.529411764708,1,14109.176470588234,TEF,BOL,1,74258.82352941176
2022-01-18,2022-01,2022,Enero,C1,2,5,0,Booking,90308.0,180616.0,25233.11764705883,1,28837.8487394958,TEF,BOL,1,151778.1512605042
2022-01-21,2022-01,2022,Enero,C1,2,6,0,Venta Directa,75000.0,150000.0,0.0,1,23949.579831932773,TEF,BOL,0,126050.42016806723
2022-01-28,2022-01,2022,Enero,C1,1,6,0,Booking,88368.0,88368.0,12345.529411764708,1,14109.176470588234,TEF,BOL,1,74258.82352941176
2022-01-29,2022-01,2022,Enero,C1,1,6,0,Booking,90304.0,90304.0,12616.000000000002,1,14418.285714285716,TEF,BOL,1,75885.71428571429
2022-01-30,2022-01,2022,Enero,C1,1,6,0,Booking,92248.0,92248.0,12887.588235294119,1,14728.672268907565,TEF,BOL,1,77519.32773109245
2022-02-01,2022-02,2022,Febrero,C1,1,4,1,Venta Directa,70000.0,70000.0,0.0,1,11176.470588235294,TEF,BOL,0,58823.529411764706
2022-02-02,2022-02,2022,Febrero,C1,1,6,0,Booking,88368.0,88368.0,12345.529411764708,1,14109.176470588234,TEF,BOL,1,74258.82352941176
2022-02-03,2022-02,2022,Febrero,C1,1,6,0,Booking,88368.0,88368.0,12345.529411764708,1,14109.176470588234,TEF,BOL,1,74258.82352941176
2022-02-04,2022-02,2022,Febrero,C1,2,6,0,Airbnb,75000.0,150000.0,5354.999999999999,1,23949.579831932773,TEF,BOL,0,126050.42016806723
2022-02-06,2022-02,2022,Febrero,C1,2,6,1,Booking,90308.0,180616.0,25233.11764705883,1,28837.8487394958,TEF,BOL,1,151778.1512605042
2022-02-08,2022-02,2022,Febrero,C1,1,5,1,Booking,87392.0,87392.0,12209.176470588236,1,13953.344537815126,TEF,BOL,1,73438.65546218488
2022-02-10,2022-02,2022,Febrero,C1,2,5,0,Booking,90308.0,180616.0,25233.11764705883,1,28837.8487394958,TEF,BOL,1,151778.1512605042
2022-02-12,2022-02,2022,Febrero,C1,2,5,0,Airbnb,138000.0,276000.0,9853.199999999999,1,44067.226890756305,TEF,BOL,0,231932.77310924372
2022-02-16,2022-02,2022,Febrero,C1,1,5,0,Booking,90304.0,90304.0,12616.000000000002,1,14418.285714285716,TEF,BOL,1,75885.71428571429
2022-02-17,2022-02,2022,Febrero,C1,1,6,0,Venta Directa,85000.0,85000.0,0.0,1,13571.428571428572,TEF,BOL,0,71428.57142857143
2022-02-18,2022-02,2022,Febrero,C1,2,6,0,Venta Directa,120000.0,240000.0,0.0,1,38319.32773109244,TEF,BOL,0,201680.67226890757
2022-02-18,2022-02,2022,Febrero,C1,2,4,0,Booking,87392.0,174784.0,24418.352941176472,1,27906.689075630253,TEF,BOL,1,146877.31092436975
2022-02-21,2022-02,2022,Febrero,C1,1,6,0,Booking,92248.0,92248.0,12887.588235294119,1,14728.672268907565,TEF,BOL,1,77519.32773109245
2022-02-22,2022-02,2022,Febrero,C1,1,6,0,Booking,92248.0,92248.0,12887.588235294119,1,14728.672268907565,TEF,BOL,1,77519.32773109245
2022-02-22,2022-02,2022,Febrero,C1,1,6,0,Venta Directa,110000.0,110000.0,0.0,1,17563.025210084033,TEF,BOL,0,92436.97478991597
2022-02-24,2022-02,2022,Febrero,C1,1,6,0,Booking,87392.0,87392.0,12209.176470588236,1,13953.344537815126,TEF,BOL,1,73438.65546218488
2022-02-24,2022-02,2022,Febrero,C1,4,6,0,Venta Directa,120000.0,480000.0,0.0,1,76638.65546218488,TEF,BOL,0,403361.34453781514
2022-02-25,2022-02,2022,Febrero,C1,1,6,0,Booking,92248.0,92248.0,12887.588235294119,1,14728.672268907565,TEF,BOL,1,77519.32773109245
2022-03-01,2022-03,2022,Marzo,C1,1,7,0,Venta Directa,85000.0,85000.0,0.0,1,13571.428571428572,TEF,BOL,0,71428.57142857143
2022-03-02,2022-03,2022,Marzo,C1,3,7,0,Venta Directa,100000.0,300000.0,0.0,1,47899.15966386555,TEF,BOL,0,252100.84033613445
2022-03-04,2022-03,2022,Marzo,C1,2,7,0,Booking,87392.0,174784.0,24418.352941176472,1,27906.689075630253,TEF,BOL,1,146877.31092436975
2022-03-11,2022-03,2022,Marzo,C1,1,6,0,Airbnb,85000.0,85000.0,3034.4999999999995,1,13571.428571428572,TEF,BOL,0,71428.57142857143
2022-03-26,2022-03,2022,Marzo,C1,1,6,0,Booking,88536.0,88536.0,12369.000000000002,1,14136.0,TEF,BOL,1,74400.0
2022-04-01,2022-04,2022,Abril,C1,2,5,0,Booking,78064.0,156128.0,21812.0,1,24928.0,TEF,BOL,1,131200.0
2022-04-08,2022-04,2022,Abril,C1,2,5,0,Booking,87584.0,175168.0,24472.000000000004,1,27968.0,TEF,BOL,1,147200.0
2022-04-14,2022-04,2022,Abril,C1,3,5,0,Booking,83538.66666666667,250616.0,35012.529411764706,1,40014.31932773109,TEF,BOL,1,210601.6806722689
2022-04-21,2022-04,2022,Abril,C1,3,5,0,Venta Directa,70000.0,210000.0,0.0,1,33529.41176470588,TEF,BOL,0,176470.58823529413
2022-04-25,2022-04,2022,Abril,C1,2,5,0,Booking,87584.0,175168.0,24472.000000000004,1,27968.0,TEF,BOL,1,147200.0
2022-04-29,2022-04,2022,Abril,C1,1,5,0,Booking,87584.0,87584.0,12236.000000000002,1,13984.0,TEF,BOL,1,73600.0
2022-04-29,2022-04,2022,Abril,C1,1,5,0,Venta Directa,75000.0,75000.0,0.0,1,11974.789915966387,TEF,BOL,0,63025.21008403361
2022-05-03,2022-05,2022,Mayo,C1,3,1,0,Booking,90440.0,271320.0,37905.00000000001,1,43320.0,TEF,BOL,1,228000.0
2022-05-07,2022-05,2022,Mayo,C1,1,5,0,Airbnb,75000.0,75000.0,2677.4999999999995,1,11974.789915966387,TEF,BOL,0,63025.21008403361
2022-05-13,2022-05,2022,Mayo,C1,2,5,0,Booking,93296.0,186592.0,26068.000000000004,1,29792.0,TEF,BOL,1,156800.0
2022-05-19,2022-05,2022,Mayo,C1,3,8,0,Venta Directa,80000.0,240000.0,0.0,1,38319.32773109244,TEF,BOL,0,201680.67226890757
2022-05-26,2022-05,2022,Mayo,C1,2,7,0,Booking,112335.99999999999,224671.99999999997,31388.000000000007,1,35871.99999999999,TEF,BOL,1,188799.99999999997
2022-05-28,2022-05,2022,Mayo,C1,1,5,0,Venta Directa,95000.0,95000.0,0.0,1,15168.067226890758,TEF,BOL,0,79831.93277310925
2022-06-03,2022-06,2022,Junio,C1,2,2,1,Booking,133280.0,266560.0,37240.0,1,42560.0,TEF,BOL,1,224000.0
2022-06-10,2022-06,2022,Junio,C1,2,5,0,Booking,114240.00000000001,228480.00000000003,31920.000000000007,1,36480.00000000001,TEF,BOL,1,192000.00000000003
2022-06-19,2022-06,2022,Junio,C1,1,7,1,Airbnb,130000.0,130000.0,4640.999999999999,1,20756.302521008405,TEF,BOL,0,109243.6974789916
2022-06-24,2022-06,2022,Junio,C1,3,6,0,Booking,140896.0,422688.0,59052.00000000001,1,67488.0,TEF,BOL,1,355200.0
2022-07-01,2022-07,2022,Julio,C1,2,7,0,Booking,214200.0,428400.0,59850.00000000001,1,68400.0,TEF,BOL,1,360000.0
2022-07-03,2022-07,2022,Julio,C1,3,5,0,Booking,165647.99999999997,496943.99999999994,69426.00000000001,1,79343.99999999999,TEF,BOL,1,417599.99999999994
2022-07-06,2022-07,2022,Julio,C1,3,5,0,Venta Directa,120000.0,360000.0,0.0,1,57478.99159663866,TEF,BOL,0,302521.00840336137
2022-07-10,2022-07,2022,Julio,C1,3,5,0,Booking,270368.0,811104.0,113316.00000000001,1,129504.0,TEF,BOL,1,681600.0
2022-07-13,2022-07,2022,Julio,C1,2,6,0,Venta Directa,180000.0,360000.0,0.0,1,57478.99159663866,TEF,BOL,0,302521.00840336137
2022-07-15,2022-07,2022,Julio,C1,2,7,0,Booking,214200.0,428400.0,59850.00000000001,1,68400.0,TEF,BOL,1,360000.0
2022-07-17,2022-07,2022,Julio,C1,5,6,0,Booking,226576.0,1132880.0,158270.00000000003,1,180880.0,TEF,BOL,1,952000.0
2022-07-22,2022-07,2022,Julio,C1,2,6,0,Venta Directa,180000.0,360000.0,0.0,1,57478.99159663866,TEF,BOL,0,302521.00840336137
2022-07-25,2022-07,2022,Julio,C1,3,4,0,Booking,186592.0,559776.0,78204.0,1,89376.0,TEF,BOL,1,470400.0
2022-07-28,2022-07,2022,Julio,C1,1,4,0,Venta Directa,150000.0,150000.0,0.0,1,23949.579831932773,TEF,BOL,0,126050.42016806723
2022-07-30,2022-07,2022,Julio,C1,2,5,0,Venta Directa,100000.0,200000.0,0.0,1,31932.7731092437,TEF,BOL,0,168067.2268907563
2022-08-01,2022-08,2022,Agosto,C1,4,6,0,Venta Directa,150000.0,600000.0,0.0,1,95798.3193277311,TEF,BOL,0,504201.6806722689
2022-08-08,2022-08,2022,Agosto,C1,2,6,0,Venta Directa,150000.0,300000.0,0.0,1,47899.15966386555,TEF,BOL,0,252100.84033613445
2022-08-13,2022-08,2022,Agosto,C1,2,4,0,Airbnb,170000.0,340000.0,12137.999999999998,1,54285.71428571429,TEF,BOL,0,285714.28571428574
2022-08-19,2022-08,2022,Agosto,C1,3,3,0,Booking,198016.0,594048.0,82992.00000000001,1,94848.0,TEF,BOL,1,499200.0
2022-08-25,2022-08,2022,Agosto,C1,1,5,0,Booking,127568.0,127568.0,17822.0,1,20368.0,TEF,BOL,1,107200.0
2022-08-26,2022-08,2022,Agosto,C1,2,4,0,Booking,194208.0,388416.0,54264.00000000001,1,62016.0,TEF,BOL,1,326400.0
2022-08-30,2022-08,2022,Agosto,C1,3,3,0,Booking,142800.0,428400.0,59850.00000000001,1,68400.0,TEF,BOL,1,360000.0
2022-09-05,2022-09,2022,Septiembre,C1,4,6,1,Airbnb,170000.0,680000.0,24275.999999999996,1,108571.42857142858,TEF,BOL,0,571428.5714285715
2022-09-09,2022-09,2022,Septiembre,C1,2,3,0,Booking,145656.0,291312.0,40698.0,1,46512.0,TEF,BOL,1,244800.0
2022-09-14,2022-09,2022,Septiembre,C1,2,5,0,Booking,127568.0,255136.0,35644.0,1,40736.0,TEF,BOL,1,214400.0
2022-09-16,2022-09,2022,Septiembre,C1,2,4,0,Booking,237048.0,474096.0,66234.00000000001,1,75696.0,TEF,BOL,1,398400.0
2022-09-18,2022-09,2022,Septiembre,C1,1,5,1,Booking,113288.00000000001,113288.00000000001,15827.000000000004,1,18088.000000000004,TEF,BOL,1,95200.00000000001
2022-09-20,2022-09,2022,Septiembre,C1,2,5,0,Airbnb,104000.0,208000.0,7425.599999999999,1,33210.08403361345,TEF,BOL,0,174789.91596638656
2022-10-09,2022-10,2022,Octubre,C1,1,4,0,Venta Directa,80000.0,80000.0,0.0,1,12773.10924369748,TEF,BOL,0,67226.89075630253
2022-10-10,2022-10,2022,Octubre,C1,2,7,0,Venta Directa,120000.0,240000.0,0.0,1,38319.32773109244,TEF,BOL,0,201680.67226890757
2022-10-14,2022-10,2022,Octubre,C1,2,6,0,Booking,113288.00000000001,226576.00000000003,31654.000000000007,1,36176.00000000001,TEF,BOL,1,190400.00000000003
2022-10-21,2022-10,2022,Octubre,C1,2,6,1,Venta Directa,105950.0,211900.0,0.0,1,33832.7731092437,TEF,BOL,0,178067.2268907563
2022-10-28,2022-10,2022,Octubre,C1,4,4,0,Venta Directa,87500.0,350000.0,0.0,1,55882.352941176476,TEF,BOL,0,294117.64705882355
2022-11-04,2022-11,2022,Noviembre,C1,2,6,0,Airbnb,100000.0,200000.0,7139.999999999999,1,31932.7731092437,TEF,BOL,0,168067.2268907563
2022-11-15,2022-11,2022,Noviembre,C1,3,4,0,Booking,105672.0,317016.0,44289.00000000001,1,50616.0,TEF,BOL,1,266400.0
2022-11-29,2022-11,2022,Noviembre,C1,1,4,0,Venta Directa,70000.0,70000.0,0.0,1,11176.470588235294,TEF,BOL,0,58823.529411764706
2022-12-03,2022-12,2022,Diciembre,C1,1,2,0,Booking,78064.0,78064.0,10906.0,1,12464.0,TEF,BOL,1,65600.0
2022-12-09,2022-12,2022,Diciembre,C1,2,5,0,Venta Directa,80000.0,160000.0,0.0,1,25546.21848739496,TEF,BOL,0,134453.78151260506
2022-12-15,2022-12,2022,Diciembre,C1,4,6,1,Airbnb,95484.0,381936.0,13635.115199999998,1,60981.378151260506,TEF,BOL,0,320954.6218487395
2022-12-25,2022-12,2022,Diciembre,C1,1,5,0,Airbnb,85000.0,85000.0,3034.4999999999995,1,13571.428571428572,TEF,BOL,0,71428.57142857143
2022-12-29,2022-12,2022,Diciembre,C1,1,6,0,Booking,86632.0,86632.0,12103.000000000004,1,13832.0,TEF,BOL,1,72800.0
2023-01-01,2023-01,2023,Enero,C1,1,4,0,Venta Directa,100000.0,100000.0,0.0,0,15966.38655462185,TEF,BOL,0,84033.61344537816
2023-01-06,2023-01,2023,Enero,C1,2,5,0,Venta Directa,100000.0,200000.0,0.0,0,31932.7731092437,TEF,BOL,0,168067.2268907563
2023-01-14,2023-01,2023,Enero,C2,4,9,0,Venta Directa,100000.0,400000.0,0.0,0,63865.5462184874,TEF,BOL,0,336134.4537815126
2023-01-20,2023-01,2023,Enero,C1,2,6,0,Venta Directa,80000.0,160000.0,0.0,0,25546.21848739496,TEF,BOL,0,134453.78151260506
2023-01-21,2023-01,2023,Enero,C2,2,8,0,Venta Directa,100000.0,200000.0,0.0,0,31932.7731092437,TEF,BOL,0,168067.2268907563
2023-01-24,2023-01,2023,Enero,C1,1,5,0,Airbnb,75000.0,75000.0,2677.4999999999995,0,11974.789915966387,TEF,BOL,0,63025.21008403361
2023-01-25,2023-01,2023,Enero,C1,2,3,0,Venta Directa,60000.0,120000.0,0.0,0,19159.66386554622,TEF,BOL,0,100840.33613445378
2023-01-25,2023-01,2023,Enero,C2,1,3,0,Airbnb,90000.0,90000.0,3212.9999999999995,0,14369.747899159665,TEF,BOL,0,75630.25210084034
2023-01-26,2023-01,2023,Enero,C2,2,7,0,Venta Directa,100000.0,200000.0,0.0,0,31932.7731092437,TEF,BOL,0,168067.2268907563
2023-01-28,2023-01,2023,Enero,C2,2,6,0,Airbnb,104000.0,208000.0,7425.599999999999,0,33210.08403361345,TEF,BOL,0,174789.91596638656
2023-01-28,2023-01,2023,Enero,C1,1,5,0,Booking,103768.0,103768.0,14497.000000000004,0,16568.0,TEF,BOL,1,87200.0
2023-01-31,2023-01,2023,Enero,C2,1,7,0,Airbnb,82000.0,82000.0,2927.3999999999996,0,13092.436974789916,TEF,BOL,0,68907.56302521008
2023-01-31,2023-01,2023,Enero,C2,1,4,0,Venta Directa,100000.0,100000.0,0.0,0,15966.38655462185,TEF,BOL,0,84033.61344537816
2023-02-01,2023-02,2023,Febrero,C2,2,4,0,Venta Directa,100000.0,200000.0,0.0,0,31932.7731092437,TEF,BOL,0,168067.2268907563
2023-02-03,2023-02,2023,Febrero,C1,2,6,0,Booking,107576.0,215152.0,30058.000000000004,0,34352.0,TEF,BOL,1,180800.0
2023-02-06,2023-02,2023,Febrero,C2,2,7,0,Venta Directa,120000.0,240000.0,0.0,0,38319.32773109244,TEF,BOL,0,201680.67226890757
2023-02-08,2023-02,2023,Febrero,C1,5,3,0,Booking,103958.4,519792.0,72618.00000000001,0,82992.0,TEF,BOL,1,436800.0
2023-02-11,2023-02,2023,Febrero,C2,1,6,0,Venta Directa,80000.0,80000.0,0.0,0,12773.10924369748,TEF,BOL,0,67226.89075630253
2023-02-13,2023-02,2023,Febrero,C2,1,3,0,Venta Directa,80000.0,80000.0,0.0,0,12773.10924369748,TEF,BOL,0,67226.89075630253
2023-02-14,2023-02,2023,Febrero,C2,2,4,0,Venta Directa,80000.0,160000.0,0.0,0,25546.21848739496,TEF,BOL,0,134453.78151260506
2023-02-15,2023-02,2023,Febrero,C1,1,3,0,Booking,80920.0,80920.0,11305.000000000004,0,12920.0,TEF,BOL,1,68000.0
2023-02-16,2023-02,2023,Febrero,C1,3,7,0,Venta Directa,100000.0,300000.0,0.0,0,47899.15966386555,TEF,BOL,0,252100.84033613445
2023-02-16,2023-02,2023,Febrero,C2,1,5,0,Booking,93296.0,93296.0,13034.000000000002,0,14896.0,TEF,BOL,1,78400.0
2023-02-17,2023-02,2023,Febrero,C2,3,4,1,Venta Directa,80000.0,240000.0,0.0,0,38319.32773109244,TEF,BOL,0,201680.67226890757
2023-02-19,2023-02,2023,Febrero,C1,2,3,0,Venta Directa,60000.0,120000.0,0.0,0,19159.66386554622,TEF,BOL,0,100840.33613445378
2023-02-22,2023-02,2023,Febrero,C1,2,4,0,Venta Directa,65000.0,130000.0,0.0,0,20756.302521008405,TEF,BOL,0,109243.6974789916
2023-02-23,2023-02,2023,Febrero,C2,3,4,0,Venta Directa,100000.0,300000.0,0.0,0,47899.15966386555,TEF,BOL,0,252100.84033613445
2023-02-25,2023-02,2023,Febrero,C1,2,2,0,Venta Directa,105000.0,210000.0,0.0,0,33529.41176470588,TEF,BOL,0,176470.58823529413
2023-03-10,2023-03,2023,Marzo,C1,1,3,0,Venta Directa,60000.0,60000.0,0.0,0,9579.83193277311,TEF,BOL,0,50420.16806722689
2023-03-11,2023-03,2023,Marzo,C1,1,3,0,Venta Directa,80000.0,80000.0,0.0,0,12773.10924369748,TEF,BOL,0,67226.89075630253
2023-03-16,2023-03,2023,Marzo,C1,1,3,0,Airbnb,60000.0,60000.0,2141.9999999999995,0,9579.83193277311,TEF,BOL,0,50420.16806722689
2023-03-17,2023-03,2023,Marzo,C2,2,6,1,Booking,89964.0,179928.0,25137.0,0,28728.0,TEF,BOL,1,151200.0
2023-03-17,2023-03,2023,Marzo,C1,2,5,1,Booking,72828.0,145656.0,20349.0,0,23256.0,TEF,BOL,1,122400.0
2023-03-24,2023-03,2023,Marzo,C1,2,5,0,Airbnb,70000.0,140000.0,4997.999999999999,0,22352.941176470587,TEF,BOL,0,117647.05882352941
2023-03-26,2023-03,2023,Marzo,C2,2,4,0,Booking,79252.0,158504.0,22143.94117647059,0,25307.361344537814,TEF,BOL,1,133196.6386554622
2023-03-30,2023-03,2023,Marzo,C1,4,6,0,Venta Directa,70000.0,280000.0,0.0,0,44705.882352941175,TEF,BOL,0,235294.11764705883
2023-04-01,2023-04,2023,Abril,C2,1,6,0,Venta Directa,130000.0,130000.0,0.0,0,20756.302521008405,TEF,BOL,0,109243.6974789916
2023-04-03,2023-04,2023,Abril,C1,2,4,0,Venta Directa,60000.0,120000.0,0.0,0,19159.66386554622,TEF,BOL,0,100840.33613445378
2023-04-06,2023-04,2023,Abril,C1,3,4,0,Booking,80920.0,242760.0,33915.0,0,38760.0,TEF,BOL,1,204000.0
2023-04-07,2023-04,2023,Abril,C2,2,4,0,Airbnb,110000.0,220000.0,7853.999999999999,0,35126.05042016807,TEF,BOL,0,184873.94957983194
2023-04-10,2023-04,2023,Abril,C1,5,3,0,Venta Directa,50000.0,250000.0,0.0,0,39915.966386554624,TEF,BOL,0,210084.03361344538
2023-04-10,2023-04,2023,Abril,C2,1,5,0,Booking,76160.0,76160.0,10640.000000000002,0,12160.0,TEF,BOL,1,64000.0
2023-04-13,2023-04,2023,Abril,C2,1,2,0,Venta Directa,50000.0,50000.0,0.0,0,7983.193277310925,TEF,BOL,0,42016.80672268908
2023-04-14,2023-04,2023,Abril,C2,2,4,0,Venta Directa,80000.0,160000.0,0.0,0,25546.21848739496,TEF,BOL,0,134453.78151260506
2023-04-15,2023-04,2023,Abril,C1,1,6,0,Booking,72824.0,72824.0,10173.94117647059,0,11627.361344537816,TEF,BOL,1,61196.638655462186
2023-04-16,2023-04,2023,Abril,C2,1,5,0,Booking,92344.0,92344.0,12901.000000000004,0,14744.0,TEF,BOL,1,77600.0
2023-04-17,2023-04,2023,Abril,C2,1,5,0,Venta Directa,90000.0,90000.0,0.0,0,14369.747899159665,TEF,BOL,0,75630.25210084034
2023-04-22,2023-04,2023,Abril,C1,1,6,0,Venta Directa,90000.0,90000.0,0.0,0,14369.747899159665,TEF,BOL,0,75630.25210084034
2023-04-23,2023-04,2023,Abril,C1,2,6,0,Venta Directa,70000.0,140000.0,0.0,0,22352.941176470587,TEF,BOL,0,117647.05882352941
2023-04-28,2023-04,2023,Abril,C2,3,5,0,Booking,90536.0,271608.0,37945.23529411765,0,43365.983193277316,TEF,BOL,1,228242.0168067227
2023-04-29,2023-04,2023,Abril,C1,2,4,0,Booking,72828.0,145656.0,20349.0,0,23256.0,TEF,BOL,1,122400.0
2023-05-01,2023-05,2023,Mayo,C1,3,3,0,Booking,72829.33333333333,218488.0,30524.058823529413,0,34884.638655462186,TEF,BOL,1,183603.3613445378
2023-05-05,2023-05,2023,Mayo,C2,1,4,0,Booking,78952.0,78952.0,11030.058823529413,0,12605.781512605043,TEF,BOL,1,66346.21848739496
2023-05-08,2023-05,2023,Mayo,C2,2,6,0,Booking,69192.0,138384.0,19333.058823529413,0,22094.9243697479,TEF,BOL,1,116289.0756302521
2023-05-16,2023-05,2023,Mayo,C2,1,3,0,Booking,69192.0,69192.0,9666.529411764706,0,11047.46218487395,TEF,BOL,1,58144.53781512605
2023-05-18,2023-05,2023,Mayo,C1,3,8,1,Venta Directa,110000.0,330000.0,0.0,0,52689.075630252104,TEF,BOL,0,277310.9243697479
2023-05-19,2023-05,2023,Mayo,C2,1,2,0,Venta Directa,60000.0,60000.0,0.0,0,9579.83193277311,TEF,BOL,0,50420.16806722689
2023-05-21,2023-05,2023,Mayo,C1,1,7,0,Booking,63400.0,63400.0,8857.352941176472,0,10122.689075630253,TEF,BOL,1,53277.31092436975
2023-05-22,2023-05,2023,Mayo,C1,2,6,0,Booking,70448.0,140896.0,19684.000000000004,0,22496.0,TEF,BOL,1,118400.0
2023-05-25,2023-05,2023,Mayo,C1,1,4,0,Venta Directa,60000.0,60000.0,0.0,0,9579.83193277311,TEF,BOL,0,50420.16806722689
2023-05-26,2023-05,2023,Mayo,C2,2,6,0,Venta Directa,95000.0,190000.0,0.0,0,30336.134453781517,TEF,BOL,0,159663.8655462185
2023-05-26,2023-05,2023,Mayo,C1,2,5,0,Venta Directa,80000.0,160000.0,0.0,0,25546.21848739496,TEF,FAC,0,134453.78151260506
2023-05-28,2023-05,2023,Mayo,C1,1,5,0,Booking,62544.00000000001,62544.00000000001,8737.764705882357,0,9986.01680672269,TEF,BOL,1,52557.983193277316
2023-05-29,2023-05,2023,Mayo,C2,1,6,0,Booking,69192.0,69192.0,9666.529411764706,0,11047.46218487395,TEF,BOL,1,58144.53781512605
2023-06-02,2023-06,2023,Junio,C2,2,5,0,Booking,115668.0,231336.0,32319.00000000001,0,36936.0,TEF,BOL,1,194400.0
2023-06-02,2023-06,2023,Junio,C2,2,8,1,Venta Directa,250000.0,500000.0,0.0,0,79831.93277310925,TEF,BOL,0,420168.06722689077
2023-06-04,2023-06,2023,Junio,C2,1,4,0,Booking,116528.0,116528.0,16279.64705882353,0,18605.31092436975,TEF,BOL,1,97922.68907563026
2023-06-04,2023-06,2023,Junio,C1,1,2,0,Booking,92344.0,92344.0,12901.000000000004,0,14744.0,TEF,FAC,1,77600.0
2023-06-06,2023-06,2023,Junio,C2,1,6,1,Venta Directa,115000.0,115000.0,0.0,0,18361.344537815126,TEF,BOL,0,96638.65546218488
2023-06-17,2023-06,2023,Junio,C2,2,4,0,Booking,108528.0,217056.0,30324.0,0,34656.0,TEF,BOL,1,182400.0
2023-06-19,2023-06,2023,Junio,C2,1,2,0,Booking,83968.0,83968.0,11730.823529411766,0,13406.655462184874,TEF,FAC,1,70561.34453781512
2023-06-21,2023-06,2023,Junio,C2,4,6,0,Booking,171360.0,685440.0,95760.00000000001,0,109440.0,TEF,FAC,1,576000.0
2023-06-22,2023-06,2023,Junio,C1,1,4,0,Venta Directa,80000.0,80000.0,0.0,0,12773.10924369748,TEF,BOL,0,67226.89075630253
2023-06-23,2023-06,2023,Junio,C1,3,2,0,Booking,214200.0,642600.0,89775.00000000001,0,102600.0,TEF,BOL,1,540000.0
2023-06-25,2023-06,2023,Junio,C2,1,1,0,Airbnb,123000.0,123000.0,4391.099999999999,0,19638.655462184877,TEF,BOL,0,103361.34453781514
2023-07-01,2023-07,2023,Julio,C2,3,6,0,Venta Directa,180000.0,540000.0,0.0,0,86218.48739495799,Transbank,BOL,0,453781.512605042
2023-07-06,2023-07,2023,Julio,C1,4,4,0,Booking,201348.0,805392.0,112518.00000000001,0,128592.0,Transbank,BOL,1,676800.0
2023-07-06,2023-07,2023,Julio,C2,3,3,0,Booking,247520.0,742560.0,103740.00000000003,0,118560.0,Transbank,BOL,1,624000.0
2023-07-10,2023-07,2023,Julio,C1,5,4,0,Booking,190400.0,952000.0,133000.0,0,152000.0,Transbank,BOL,1,800000.0
2023-07-10,2023-07,2023,Julio,C2,2,4,0,Booking,231336.0,462672.0,64638.00000000002,0,73872.0,Transbank,BOL,1,388800.0
2023-07-12,2023-07,2023,Julio,C2,2,8,0,Venta Directa,180000.0,360000.0,0.0,0,57478.99159663866,Transbank,BOL,0,302521.00840336137
2023-07-14,2023-07,2023,Julio,C2,2,6,0,Booking,257040.0,514080.0,71820.00000000001,0,82080.0,Transbank,BOL,1,432000.0
2023-07-15,2023-07,2023,Julio,C1,1,6,0,Booking,208056.0,208056.0,29066.64705882353,0,33219.02521008404,Transbank,BOL,1,174836.97478991598
2023-07-16,2023-07,2023,Julio,C1,4,6,0,Venta Directa,180000.0,720000.0,0.0,0,114957.98319327732,Transbank,BOL,0,605042.0168067227
2023-07-16,2023-07,2023,Julio,C2,4,6,0,Venta Directa,180000.0,720000.0,0.0,0,114957.98319327732,Transbank,BOL,0,605042.0168067227
2023-07-21,2023-07,2023,Julio,C1,2,6,0,Venta Directa,180000.0,360000.0,0.0,0,57478.99159663866,Transbank,BOL,0,302521.00840336137
2023-07-21,2023-07,2023,Julio,C2,2,5,0,Venta Directa,180000.0,360000.0,0.0,0,57478.99159663866,Transbank,BOL,0,302521.00840336137
2023-07-24,2023-07,2023,Julio,C2,2,6,0,Venta Directa,165000.0,330000.0,0.0,0,52689.075630252104,Transbank,BOL,0,277310.9243697479
2023-07-25,2023-07,2023,Julio,C1,3,6,0,Booking,171360.0,514080.0,71820.00000000001,0,82080.0,Transbank,BOL,1,432000.0
2023-07-28,2023-07,2023,Julio,C2,2,7,0,Venta Directa,200000.0,400000.0,0.0,0,63865.5462184874,Transbank,BOL,0,336134.4537815126
2023-07-28,2023-07,2023,Julio,C1,2,6,0,Venta Directa,180000.0,360000.0,0.0,0,57478.99159663866,Transbank,BOL,0,302521.00840336137
2023-07-31,2023-07,2023,Agosto,C2,5,6,0,Booking,214200.0,1071000.0,149625.00000000003,0,171000.0,Transbank,BOL,1,900000.0
2023-08-01,2023-08,2023,Agosto,C1,5,6,0,Venta Directa,180000.0,900000.0,0.0,0,143697.47899159664,Transbank,BOL,0,756302.5210084034
2023-08-05,2023-08,2023,Agosto,C2,1,8,0,Venta Directa,210000.0,210000.0,0.0,0,33529.41176470588,TEF,BOL,0,176470.58823529413
2023-08-06,2023-08,2023,Agosto,C2,6,6,0,Airbnb,150000.0,900000.0,32129.999999999996,0,143697.47899159664,TEF,BOL,0,756302.5210084034
2023-08-10,2023-08,2023,Agosto,C1,5,6,0,Airbnb,180000.0,900000.0,32129.999999999996,0,143697.47899159664,TEF,BOL,0,756302.5210084034
2023-08-12,2023-08,2023,Agosto,C2,3,6,0,Booking,214200.0,642600.0,89775.00000000001,0,102600.0,TEF,BOL,1,540000.0
2023-08-15,2023-08,2023,Agosto,C1,2,6,0,Venta Directa,160000.0,320000.0,0.0,0,51092.43697478992,Transbank,BOL,0,268907.5630252101
2023-08-18,2023-08,2023,Agosto,C2,4,7,0,Venta Directa,170000.0,680000.0,0.0,0,108571.42857142858,Transbank,BOL,0,571428.5714285715
2023-09-01,2023-09,2023,Septiembre,C1,2,3,0,Venta Directa,100000.0,200000.0,0.0,0,31932.7731092437,Transbank,BOL,0,168067.2268907563
2023-09-01,2023-09,2023,Septiembre,C2,2,6,0,Booking,100000.0,200000.0,27941.17647058824,0,31932.7731092437,TEF,BOL,1,168067.2268907563
2023-09-02,2023-09,2023,Septiembre,C2,1,7,0,Venta Directa,140000.0,140000.0,0.0,0,22352.941176470587,Transbank,BOL,0,117647.05882352941
2023-09-11,2023-09,2023,Septiembre,C2,1,4,0,Booking,111383.99999999999,111383.99999999999,15561.000000000002,0,17783.999999999996,Transbank,BOL,1,93599.99999999999
2023-09-12,2023-09,2023,Septiembre,C1,1,3,0,Airbnb,100000.0,100000.0,3569.9999999999995,0,15966.38655462185,Transbank,BOL,0,84033.61344537816
2023-09-13,2023-09,2023,Septiembre,C1,1,4,0,Venta Directa,100000.0,100000.0,0.0,0,15966.38655462185,Transbank,BOL,0,84033.61344537816
2023-09-14,2023-09,2023,Septiembre,C1,5,6,0,Booking,214200.0,1071000.0,149625.00000000003,0,171000.0,Transbank,BOL,1,900000.0
2023-09-14,2023-09,2023,Septiembre,C2,6,8,0,Venta Directa,200000.0,1200000.0,0.0,0,191596.6386554622,Transbank,BOL,0,1008403.3613445378
2023-09-20,2023-09,2023,Septiembre,C2,4,4,1,Venta Directa,72500.0,290000.0,0.0,0,46302.52100840336,Transbank,BOL,0,243697.47899159664
2023-09-21,2023-09,2023,Septiembre,C1,2,3,0,Booking,180880.0,361760.0,50540.0,0,57760.0,Transbank,BOL,1,304000.0
2023-09-23,2023-09,2023,Septiembre,C1,1,2,0,Venta Directa,70000.0,70000.0,0.0,0,11176.470588235294,Transbank,BOL,0,58823.529411764706
2023-09-24,2023-09,2023,Septiembre,C1,2,2,0,Booking,154224.0,308448.0,43092.00000000001,0,49248.0,Transbank,BOL,1,259200.0
2023-09-27,2023-09,2023,Septiembre,C2,2,2,0,Venta Directa,50000.0,100000.0,0.0,0,15966.38655462185,TEF,BOL,0,84033.61344537816
2023-09-28,2023-09,2023,Septiembre,C1,1,4,0,Booking,77112.0,77112.0,10773.000000000002,0,12312.0,Transbank,BOL,1,64800.0
2023-09-29,2023-09,2023,Septiembre,C1,1,4,0,Venta Directa,87000.0,87000.0,0.0,0,13890.756302521007,Transbank,BOL,0,73109.24369747899
2023-09-30,2023-09,2023,Septiembre,C1,1,2,0,Venta Directa,50000.0,50000.0,0.0,0,7983.193277310925,Transbank,BOL,0,42016.80672268908
2023-09-30,2023-09,2023,Septiembre,C2,2,2,0,Venta Directa,60000.0,120000.0,0.0,0,19159.66386554622,Transbank,BOL,0,100840.33613445378
2023-10-06,2023-10,2023,Octubre,C1,3,5,0,Booking,107913.96,323741.88,39501.00000000001,0,51689.88,Transbank,BOL,1,272052.0
2023-10-12,2023-10,2023,Octubre,C1,1,6,0,Booking,66640.0,66640.0,9310.0,0,10640.0,Transbank,BOL,1,56000.0
2023-10-17,2023-10,2023,Octubre,C1,4,3,1,Booking,59976.0,239904.0,33516.0,0,38304.0,TEF,BOL,1,201600.0
2023-10-20,2023-10,2023,Octubre,C2,2,5,0,Booking,112819.14,225638.28,27531.000000000007,0,36026.28,TEF,BOL,1,189612.0
2023-10-21,2023-10,2023,Octubre,C1,3,4,0,Venta Directa,60000.0,180000.0,0.0,0,28739.49579831933,TEF,BOL,0,151260.50420168068
2023-10-26,2023-10,2023,Octubre,C2,3,5,0,Booking,88536.0,265608.0,37107.0,0,42408.0,Transbank,BOL,1,223200.0
2023-10-29,2023-10,2023,Octubre,C1,1,5,0,Airbnb,63050.0,63050.0,2250.8849999999998,0,10066.806722689076,Transbank,BOL,0,52983.19327731093
2023-11-02,2023-11,2023,Noviembre,C1,3,4,0,Venta Directa,60000.0,180000.0,0.0,0,28739.49579831933,Transbank,BOL,0,151260.50420168068
2023-11-09,2023-11,2023,Noviembre,C1,4,4,1,Booking,102816.00000000001,411264.00000000006,57456.00000000001,0,65664.00000000001,TEF,BOL,1,345600.00000000006
2023-11-10,2023-11,2023,Noviembre,C2,2,6,0,Airbnb,150000.0,300000.0,10709.999999999998,0,47899.15966386555,Transbank,BOL,0,252100.84033613445
2023-11-16,2023-11,2023,Noviembre,C1,1,2,0,Booking,55688.0,55688.0,7779.94117647059,0,8891.361344537816,Transbank,BOL,1,46796.638655462186
2023-11-23,2023-11,2023,Noviembre,C2,2,2,1,Venta Directa,82500.0,165000.0,0.0,0,26344.537815126052,Transbank,BOL,0,138655.46218487396
2023-12-01,2023-12,2023,Diciembre,C2,4,6,0,Venta Directa,85000.0,340000.0,0.0,0,54285.71428571429,Transbank,BOL,0,285714.28571428574
2023-12-07,2023-12,2023,Diciembre,C1,3,4,0,Venta Directa,80000.0,240000.0,0.0,0,38319.32773109244,Transbank,BOL,0,201680.67226890757
2023-12-08,2023-12,2023,Diciembre,C2,4,4,0,Venta Directa,75000.0,300000.0,0.0,0,47899.15966386555,Transbank,BOL,0,252100.84033613445
2023-12-15,2023-12,2023,Diciembre,C1,1,6,0,Booking,59976.0,59976.0,8379.0,0,9576.0,Transbank,BOL,1,50400.0
2023-12-18,2023-12,2023,Diciembre,C1,4,5,0,Booking,74541.6,298166.4,38304.000000000015,0,47606.40000000001,Transbank,BOL,1,250560.00000000003
2023-12-25,2023-12,2023,Diciembre,C2,5,6,0,Venta Directa,75000.0,375000.0,0.0,0,59873.94957983194,Transbank,BOL,0,315126.0504201681
2023-12-27,2023-12,2023,Diciembre,C1,1,6,0,Venta Directa,90000.0,90000.0,0.0,0,14369.747899159665,Transbank,BOL,0,75630.25210084034
2023-12-28,2023-12,2023,Diciembre,C1,2,6,0,Booking,77112.0,154224.0,21546.000000000004,0,24624.0,Transbank,BOL,1,129600.0
2024-01-05,2024-01,2024,Enero,C1,2,6,0,Booking,113050.0,226100.0,26600.000000000004,0,36100.0,TEF,BOL,1,190000.0
2024-01-08,2024-01,2024,Enero,C2,5,2,0,Venta Directa,50000.0,250000.0,0.0,0,39915.966386554624,TEF,BOL,0,210084.03361344538
2023-12-31,2023-12,2023,Diciembre,C2,1,5,0,Booking,111383.99999999999,111383.99999999999,15561.000000000002,0,17783.999999999996,Transbank,BOL,1,93599.99999999999
2023-12-31,2023-12,2023,Diciembre,C1,1,5,1,Venta Directa,90000.0,90000.0,0.0,0,14369.747899159665,TEF,BOL,0,75630.25210084034
2024-01-09,2024-01,2024,Enero,C1,2,4,0,Booking,91570.5,183141.0,21546.000000000004,0,29241.0,TEF,BOL,1,153900.0
2024-01-13,2024-01,2024,Enero,C1,1,4,0,Booking,97223.0,97223.0,11438.0,0,15523.0,TEF,BOL,1,81700.0
2024-01-13,2024-01,2024,Enero,C2,1,5,0,Venta Directa,80000.0,80000.0,0.0,0,12773.10924369748,Transbank,BOL,0,67226.89075630253
2024-01-15,2024-01,2024,Enero,C1,3,4,0,Booking,77326.83333333333,231980.5,27291.823529411766,0,37038.903361344535,TEF,BOL,1,194941.59663865546
2024-01-17,2024-01,2024,Enero,C2,3,4,0,Venta Directa,83333.33333333333,250000.0,0.0,0,39915.966386554624,Transbank,BOL,0,210084.03361344538
2024-01-18,2024-01,2024,Enero,C1,1,4,0,Booking,77330.0,77330.0,9097.647058823533,0,12346.806722689076,TEF,BOL,1,64983.19327731093
2024-01-19,2024-01,2024,Enero,C1,4,5,0,Venta Directa,79250.0,317000.0,0.0,0,50613.445378151264,TEF,BOL,0,266386.55462184874
2024-01-20,2024-01,2024,Enero,C2,1,2,0,Booking,92587.0,92587.0,10892.588235294119,0,14782.79831932773,TEF,BOL,1,77804.20168067227
2024-01-24,2024-01,2024,Enero,C2,1,7,0,Venta Directa,105000.0,105000.0,0.0,0,16764.70588235294,TEF,BOL,0,88235.29411764706
2024-01-24,2024-01,2024,Enero,C1,1,6,0,Booking,77330.0,77330.0,9097.647058823533,0,12346.806722689076,Efectivo,BOL,1,64983.19327731093
2024-01-25,2024-01,2024,Enero,C1,1,4,0,Airbnb,75000.0,75000.0,2677.4999999999995,0,11974.789915966387,TEF,BOL,0,63025.21008403361
2024-01-26,2024-01,2024,Enero,C1,2,5,0,Booking,101745.0,203490.0,23940.000000000004,0,32490.0,TEF,BOL,1,171000.0
2024-01-26,2024-01,2024,Enero,C2,2,8,0,Venta Directa,70000.0,140000.0,0.0,0,22352.941176470587,TEF,BOL,0,117647.05882352941
2024-01-28,2024-01,2024,Enero,C2,3,4,0,Booking,87501.33333333333,262504.0,30882.823529411766,0,41912.403361344535,Transbank,BOL,1,220591.59663865546
2024-01-28,2024-01,2024,Enero,C1,1,4,0,Venta Directa,60000.0,60000.0,0.0,0,9579.83193277311,TEF,BOL,0,50420.16806722689
2024-01-29,2024-01,2024,Enero,C1,1,2,1,Airbnb,85000.0,85000.0,3034.4999999999995,0,13571.428571428572,TEF,FAC,0,71428.57142857143
2024-02-02,2024-02,2024,Febrero,C1,3,4,0,Booking,96998.16666666667,290994.5,34234.64705882353,0,46461.30672268908,TEF,BOL,1,244533.19327731093
2024-02-03,2024-02,2024,Febrero,C2,2,5,0,Booking,101745.0,203490.0,23940.000000000004,0,32490.0,TEF,BOL,1,171000.0
2024-02-05,2024-02,2024,Febrero,C1,5,6,0,Venta Directa,80000.0,400000.0,0.0,0,63865.5462184874,Transbank,BOL,0,336134.4537815126
2024-02-06,2024-02,2024,Febrero,C2,1,5,0,Booking,81396.0,81396.0,9576.000000000004,0,12996.0,TEF,BOL,1,68400.0
2024-02-07,2024-02,2024,Febrero,C2,1,4,0,Booking,111919.5,111919.5,13167.000000000002,0,17869.5,TEF,BOL,1,94050.0
2024-02-08,2024-02,2024,Febrero,C2,3,5,0,Venta Directa,80000.0,240000.0,0.0,0,38319.32773109244,TEF,BOL,0,201680.67226890757
2024-02-10,2024-02,2024,Febrero,C1,1,4,0,Venta Directa,80000.0,80000.0,0.0,0,12773.10924369748,TEF,BOL,0,67226.89075630253
2024-02-12,2024-02,2024,Febrero,C2,2,4,0,Booking,124355.0,248710.0,29260.000000000007,0,39710.0,TEF,BOL,1,209000.0
2024-02-14,2024-02,2024,Febrero,C2,1,2,0,Venta Directa,60000.0,60000.0,0.0,0,9579.83193277311,TEF,BOL,0,50420.16806722689
2024-02-15,2024-02,2024,Febrero,C2,3,6,0,Venta Directa,95000.0,285000.0,0.0,0,45504.20168067227,TEF,BOL,0,239495.79831932773
2024-02-15,2024-02,2024,Febrero,C1,1,2,0,Booking,77330.0,77330.0,9097.647058823533,0,12346.806722689076,TEF,BOL,1,64983.19327731093
2024-02-16,2024-02,2024,Febrero,C1,2,3,0,Venta Directa,80000.0,160000.0,0.0,0,25546.21848739496,TEF,BOL,0,134453.78151260506
2024-02-18,2024-02,2024,Febrero,C1,1,2,0,Venta Directa,60000.0,60000.0,0.0,0,9579.83193277311,TEF,BOL,0,50420.16806722689
2024-02-18,2024-02,2024,Febrero,C2,1,4,0,Booking,91570.5,91570.5,10773.000000000002,0,14620.5,TEF,BOL,1,76950.0
2024-02-19,2024-02,2024,Febrero,C1,2,4,0,Venta Directa,65000.0,130000.0,0.0,0,20756.302521008405,TEF,BOL,0,109243.6974789916
2024-02-21,2024-02,2024,Febrero,C2,1,5,0,Venta Directa,95000.0,95000.0,0.0,0,15168.067226890758,TEF,BOL,0,79831.93277310925
2024-02-22,2024-02,2024,Febrero,C1,2,5,0,Venta Directa,80000.0,160000.0,0.0,0,25546.21848739496,TEF,BOL,0,134453.78151260506
2024-02-22,2024-02,2024,Febrero,C2,1,5,0,Booking,91570.5,91570.5,10773.000000000002,0,14620.5,TEF,BOL,1,76950.0
2024-02-23,2024-02,2024,Febrero,C2,2,3,0,Airbnb,112500.0,225000.0,8032.499999999999,0,35924.36974789916,TEF,BOL,0,189075.63025210085
2024-02-25,2024-02,2024,Febrero,C1,1,5,0,Venta Directa,60000.0,60000.0,0.0,0,9579.83193277311,TEF,BOL,0,50420.16806722689
2024-02-26,2024-02,2024,Febrero,C2,1,2,1,Airbnb,115000.0,115000.0,4105.499999999999,0,18361.344537815126,TEF,BOL,0,96638.65546218488
2024-02-27,2024-02,2024,Febrero,C2,1,5,0,Booking,84445.5,84445.5,9934.764705882355,0,13482.894957983193,TEF,BOL,1,70962.6050420168
2024-03-01,2024-03,2024,Marzo,C1,1,6,0,Booking,86478.5,86478.5,10173.94117647059,0,13807.491596638658,Efectivo,BOL,1,72671.00840336135
2024-03-02,2024-03,2024,Marzo,C1,2,6,0,Venta Directa,41750.0,83500.0,0.0,0,13331.932773109245,Efectivo,BOL,0,70168.06722689077
2024-03-09,2024-03,2024,Marzo,C1,1,2,0,Venta Directa,50000.0,50000.0,0.0,0,7983.193277310925,TEF,BOL,0,42016.80672268908
2024-03-12,2024-03,2024,Marzo,C2,2,4,0,Venta Directa,79000.0,158000.0,0.0,0,25226.890756302524,TEF,BOL,0,132773.1092436975
2024-03-15,2024-03,2024,Marzo,C2,2,6,0,Venta Directa,95200.0,190400.0,0.0,0,30400.0,Transbank,BOL,0,160000.0
2024-03-16,2024-03,2024,Marzo,C1,1,4,0,Venta Directa,80000.0,80000.0,0.0,0,12773.10924369748,TEF,BOL,0,67226.89075630253
2024-03-20,2024-03,2024,Marzo,C1,1,2,0,Airbnb,75000.0,75000.0,2677.4999999999995,0,11974.789915966387,Transbank,BOL,0,63025.21008403361
2024-03-20,2024-03,2024,Marzo,C2,1,3,0,Booking,74271.0,74271.0,8737.764705882357,0,11858.394957983193,TEF,FAC,1,62412.60504201681
2024-03-22,2024-03,2024,Marzo,C1,2,3,0,Airbnb,83000.0,166000.0,5926.199999999999,0,26504.201680672268,TEF,BOL,0,139495.79831932773
2024-03-22,2024-03,2024,Marzo,C2,2,5,1,Venta Directa,80000.0,160000.0,0.0,0,25546.21848739496,TEF,BOL,0,134453.78151260506
2024-03-24,2024-03,2024,Marzo,C2,4,2,0,Venta Directa,65000.0,260000.0,0.0,0,41512.60504201681,TEF,BOL,0,218487.3949579832
2024-03-27,2024-03,2024,Marzo,C1,1,6,0,Venta Directa,70000.0,70000.0,0.0,0,11176.470588235294,TEF,BOL,0,58823.529411764706
2024-03-28,2024-03,2024,Marzo,C2,3,4,0,Booking,101745.0,305235.0,35910.00000000001,0,48735.0,Transbank,BOL,1,256500.0
2024-04-04,2024-04,2024,Abril,C2,1,4,0,Booking,65445.5,65445.5,7699.470588235295,0,10449.281512605043,Efectivo,BOL,1,54996.21848739496
2024-04-05,2024-04,2024,Abril,C1,2,6,0,Booking,101745.0,203490.0,23940.000000000004,0,32490.0,TEF,BOL,1,171000.0
2024-04-10,2024-04,2024,Abril,C2,1,4,0,Booking,63241.49999999999,63241.49999999999,7440.176470588235,0,10097.382352941175,TEF,BOL,1,53144.11764705882
2024-04-12,2024-04,2024,Abril,C2,1,7,0,Venta Directa,85000.0,85000.0,0.0,0,13571.428571428572,TEF,BOL,0,71428.57142857143
2024-04-13,2024-04,2024,Abril,C2,1,4,0,Booking,83125.0,83125.0,9779.411764705883,0,13272.058823529413,TEF,BOL,1,69852.94117647059
2024-04-13,2024-04,2024,Abril,C1,2,4,1,Booking,83429.0,166858.0,19630.352941176472,0,26641.193277310922,TEF,BOL,1,140216.80672268907
2024-04-16,2024-04,2024,Abril,C1,2,4,0,Booking,64101.24999999999,128202.49999999999,15082.64705882353,0,20469.306722689074,TEF,BOL,1,107733.19327731091
2024-04-19,2024-04,2024,Abril,C2,2,4,0,Booking,78750.25,157500.5,18529.470588235297,0,25147.138655462186,TEF,BOL,1,132353.3613445378
2024-04-25,2024-04,2024,Abril,C2,1,3,0,Booking,70262.0,70262.0,8266.117647058823,0,11218.302521008403,TEF,FAC,1,59043.6974789916
2024-04-25,2024-04,2024,Abril,C1,3,4,0,Booking,86142.83333333333,258428.49999999997,30403.352941176476,0,41261.69327731092,TEF,BOL,1,217166.80672268907
2024-04-25,2024-04,2024,Abril,C2,3,3,0,Venta Directa,77576.66666666667,232730.0,0.0,0,37158.57142857143,TEF,BOL,0,195571.42857142858
2024-04-28,2024-04,2024,Abril,C1,1,3,0,Venta Directa,60000.0,60000.0,0.0,0,9579.83193277311,TEF,BOL,0,50420.16806722689
2024-04-29,2024-04,2024,Abril,C1,1,5,0,Booking,64096.5,64096.5,7540.764705882354,0,10233.894957983193,TEF,BOL,1,53862.60504201681
2024-04-29,2024-04,2024,Abril,C2,5,5,0,Booking,78059.6,390298.0,45917.41176470588,0,62316.487394957985,TEF,BOL,1,327981.512605042
2024-04-30,2024-04,2024,Abril,C1,3,4,0,Booking,71221.5,213664.5,25137.0,0,34114.5,TEF,BOL,1,179550.0
2024-05-03,2024-05,2024,Mayo,C1,2,6,0,Venta Directa,95000.0,190000.0,0.0,0,30336.134453781517,TEF,FAC,0,159663.8655462185
2024-05-10,2024-05,2024,Mayo,C2,2,4,1,Airbnb,120000.0,240000.0,8567.999999999998,0,38319.32773109244,TEF,BOL,0,201680.67226890757
2024-05-10,2024-05,2024,Mayo,C1,2,5,0,Booking,95289.75,190579.5,22421.11764705883,0,30428.659663865546,TEF,BOL,1,160150.84033613445
2024-05-13,2024-05,2024,Mayo,C2,1,5,0,Venta Directa,90000.0,90000.0,0.0,0,14369.747899159665,TEF,BOL,0,75630.25210084034
2024-05-14,2024-05,2024,Mayo,C2,1,6,0,Venta Directa,90000.0,90000.0,0.0,0,14369.747899159665,TEF,BOL,0,75630.25210084034
2024-05-14,2024-05,2024,Mayo,C1,1,3,0,Venta Directa,70000.0,70000.0,0.0,0,11176.470588235294,TEF,BOL,0,58823.529411764706
2024-05-15,2024-05,2024,Mayo,C1,2,3,0,Booking,72523.0,145046.0,17064.23529411765,0,23158.605042016807,TEF,BOL,1,121887.3949579832
2024-05-17,2024-05,2024,Mayo,C2,2,4,0,Booking,85162.75,170325.5,20038.29411764706,0,27194.82773109244,TEF,BOL,1,143130.67226890757
2024-05-17,2024-05,2024,Mayo,C1,1,5,0,Booking,100728.5,100728.5,11850.411764705883,0,16082.70168067227,TEF,BOL,1,84645.79831932773
2024-05-18,2024-05,2024,Mayo,C1,3,5,0,Booking,71918.16666666667,215754.5,25382.88235294118,0,34448.1974789916,TEF,BOL,1,181306.30252100842
2024-05-19,2024-05,2024,Mayo,C2,2,2,0,Airbnb,85000.0,170000.0,6068.999999999999,0,27142.857142857145,TEF,BOL,0,142857.14285714287
2024-05-23,2024-05,2024,Mayo,C2,2,8,0,Venta Directa,110000.0,220000.0,0.0,0,35126.05042016807,TEF,BOL,0,184873.94957983194
2024-05-23,2024-05,2024,Mayo,C1,3,6,0,Venta Directa,85000.0,255000.0,0.0,0,40714.28571428572,TEF,BOL,0,214285.7142857143
2024-05-25,2024-05,2024,Mayo,C2,1,4,0,Booking,95693.5,95693.5,11258.058823529414,0,15278.794117647061,TEF,BOL,1,80414.70588235295
2024-05-26,2024-05,2024,Mayo,C2,1,3,0,Booking,91437.5,91437.5,10757.352941176472,0,14599.264705882353,TEF,BOL,1,76838.23529411765
2024-05-27,2024-05,2024,Mayo,C2,1,4,0,Booking,91437.5,91437.5,10757.352941176472,0,14599.264705882353,TEF,BOL,1,76838.23529411765
2024-05-27,2024-05,2024,Mayo,C1,1,6,0,Venta Directa,72000.0,72000.0,0.0,0,11495.798319327732,TEF,BOL,0,60504.201680672275
2024-05-28,2024-05,2024,Mayo,C1,1,3,0,Venta Directa,60000.0,60000.0,0.0,0,9579.83193277311,TEF,BOL,0,50420.16806722689
2024-05-30,2024-05,2024,Mayo,C1,1,4,0,Booking,73254.5,73254.5,8618.176470588236,0,11696.096638655463,TEF,BOL,1,61558.40336134454
2024-05-31,2024-05,2024,Mayo,C2,2,2,0,Booking,107350.0,214700.0,25258.82352941177,0,34279.83193277311,TEF,BOL,1,180420.16806722688
2024-05-31,2024-05,2024,Mayo,C1,1,6,0,Venta Directa,75000.0,75000.0,0.0,0,11974.789915966387,TEF,BOL,0,63025.21008403361
2024-06-01,2024-06,2024,Junio,C1,1,6,0,Venta Directa,75000.0,75000.0,0.0,0,11974.789915966387,TEF,BOL,0,63025.21008403361
2024-06-02,2024-06,2024,Junio,C2,1,3,0,Booking,129941.0,129941.0,15287.176470588238,0,20746.88235294118,TEF,BOL,1,109194.11764705883
2024-06-05,2024-06,2024,Junio,C2,1,1,0,Venta Directa,110000.0,110000.0,0.0,0,17563.025210084033,TEF,BOL,0,92436.97478991597
2024-06-07,2024-06,2024,Junio,C2,2,5,0,Booking,112608.25,225216.5,26496.058823529413,0,35958.93697478992,TEF,BOL,1,189257.56302521008
2024-06-07,2024-06,2024,Junio,C1,2,5,0,Booking,112608.25,225216.5,26496.058823529413,0,35958.93697478992,TEF,BOL,1,189257.56302521008
2024-06-10,2024-06,2024,Junio,C2,2,5,0,Venta Directa,100000.0,200000.0,0.0,0,31932.7731092437,TEF,BOL,0,168067.2268907563
2024-06-13,2024-06,2024,Junio,C2,2,3,0,Venta Directa,80000.0,160000.0,0.0,0,25546.21848739496,TEF,BOL,0,134453.78151260506
2024-06-15,2024-06,2024,Junio,C2,1,5,0,Venta Directa,120000.0,120000.0,0.0,0,19159.66386554622,TEF,BOL,0,100840.33613445378
2024-06-15,2024-06,2024,Junio,C1,1,4,0,Booking,129941.0,129941.0,15287.176470588238,0,20746.88235294118,TEF,BOL,1,109194.11764705883
2024-06-17,2024-06,2024,Junio,C1,1,6,0,Venta Directa,100000.0,100000.0,0.0,0,15966.38655462185,TEF,BOL,0,84033.61344537816
2024-06-20,2024-06,2024,Junio,C2,2,6,0,Booking,209346.75,418693.5,49258.05882352942,0,66850.22268907563,TEF,BOL,1,351843.2773109244
2024-06-20,2024-06,2024,Junio,C1,3,3,0,Booking,130944.83333333333,392834.5,46215.82352941177,0,62721.47478991597,TEF,BOL,1,330113.02521008404
2024-06-22,2024-06,2024,Junio,C2,1,4,0,Venta Directa,170000.0,170000.0,0.0,0,27142.857142857145,Transbank,BOL,0,142857.14285714287
2024-06-23,2024-06,2024,Junio,C1,1,6,0,Venta Directa,130000.0,130000.0,0.0,0,20756.302521008405,Transbank,BOL,0,109243.6974789916
2024-06-24,2024-06,2024,Junio,C2,1,4,0,Booking,206938.5,206938.5,24345.705882352944,0,33040.60084033614,Transbank,BOL,1,173897.89915966388
2024-06-24,2024-06,2024,Junio,C1,1,5,0,Booking,231002.0,231002.0,27176.705882352944,0,36882.67226890756,Transbank,BOL,1,194119.32773109243
2024-06-25,2024-06,2024,Junio,C2,5,5,0,Booking,209345.8,1046728.9999999999,123144.58823529414,0,167124.79831932773,Transbank,BOL,1,879604.2016806722
2024-06-26,2024-06,2024,Junio,C1,2,5,0,Airbnb,214000.0,428000.0,15279.599999999999,0,68336.13445378152,Transbank,BOL,0,359663.8655462185
2024-06-28,2024-06,2024,Junio,C1,2,6,0,Venta Directa,180000.0,360000.0,0.0,0,57478.99159663866,Transbank,BOL,0,302521.00840336137
2024-06-30,2024-06,2024,Junio,C1,1,5,0,Booking,231002.0,231002.0,27176.705882352944,0,36882.67226890756,Transbank,BOL,1,194119.32773109243
2024-06-30,2024-06,2024,Junio,C2,1,5,0,Venta Directa,170000.0,170000.0,0.0,0,27142.857142857145,Transbank,BOL,0,142857.14285714287
2024-07-01,2024-07,2024,Julio,C1,2,5,0,Venta Directa,180000.0,360000.0,0.0,0,57478.99159663866,Transbank,BOL,0,302521.00840336137
2024-07-01,2024-07,2024,Julio,C2,4,6,0,Venta Directa,170000.0,680000.0,0.0,0,108571.42857142858,Transbank,BOL,0,571428.5714285715
2024-07-03,2024-07,2024,Julio,C1,3,4,0,Booking,243431.16666666666,730293.5,85916.8823529412,0,116601.48319327732,Transbank,BOL,1,613692.0168067227
2024-07-05,2024-07,2024,Julio,C2,1,7,0,Venta Directa,180000.0,180000.0,0.0,0,28739.49579831933,Transbank,BOL,0,151260.50420168068
2024-07-06,2024-07,2024,Julio,C1,4,5,0,Venta Directa,200000.0,800000.0,0.0,0,127731.0924369748,Transbank,BOL,0,672268.9075630252
2024-07-06,2024-07,2024,Julio,C2,4,5,0,Booking,271070.625,1084282.5,127562.64705882354,0,173120.73529411765,Transbank,BOL,1,911161.7647058824
2024-07-11,2024-07,2024,Julio,C1,3,5,0,Booking,243431.16666666666,730293.5,85916.8823529412,0,116601.48319327732,TEF,BOL,1,613692.0168067227
2024-07-12,2024-07,2024,Julio,C2,2,6,0,Venta Directa,200000.0,400000.0,0.0,0,63865.5462184874,TEF,BOL,0,336134.4537815126
2024-07-14,2024-07,2024,Julio,C1,1,3,0,Booking,240625.5,240625.5,28308.882352941182,0,38419.1974789916,TEF,BOL,1,202206.30252100842
2024-07-14,2024-07,2024,Julio,C2,2,4,0,Booking,221373.75,442747.5,52087.941176470595,0,70690.77731092437,TEF,BOL,1,372056.7226890756
2024-07-15,2024-07,2024,Julio,C1,5,4,0,Booking,246222.9,1231114.5,144837.00000000003,0,196564.5,TEF,BOL,1,1034550.0
2024-07-16,2024-07,2024,Julio,C2,1,6,0,Booking,231676.5,231676.5,27256.058823529416,0,36990.36554621849,TEF,BOL,1,194686.13445378153
2024-07-17,2024-07,2024,Julio,C2,1,4,0,Booking,221378.5,221378.5,26044.52941176471,0,35346.14705882353,TEF,BOL,1,186032.35294117648
2024-07-19,2024-07,2024,Julio,C2,3,6,0,Venta Directa,180000.0,540000.0,0.0,0,86218.48739495799,TEF,BOL,0,453781.512605042
2024-07-20,2024-07,2024,Julio,C1,2,6,0,Venta Directa,180000.0,360000.0,0.0,0,57478.99159663866,TEF,FAC,0,302521.00840336137
2024-07-22,2024-07,2024,Julio,C1,2,6,0,Venta Directa,170000.0,340000.0,0.0,0,54285.71428571429,TEF,BOL,0,285714.28571428574
2024-07-24,2024-07,2024,Julio,C1,3,4,0,Booking,221375.33333333334,664126.0,78132.47058823532,0,106036.92436974791,Transbank,BOL,1,558089.0756302521
2024-07-28,2024-07,2024,Julio,C2,4,4,0,Venta Directa,160000.0,640000.0,0.0,0,102184.87394957984,TEF,BOL,0,537815.1260504202
2024-07-29,2024-07,2024,Julio,C1,3,6,0,Venta Directa,170000.0,510000.0,0.0,0,81428.57142857143,Transbank,BOL,0,428571.4285714286
2024-07-26,2024-07,2024,Julio,C2,2,6,0,Venta Directa,180000.0,360000.0,0.0,0,57478.99159663866,TEF,BOL,0,302521.00840336137
2024-07-27,2024-07,2024,Julio,C1,2,6,0,Booking,305235.0,610470.0,71820.00000000001,0,97470.0,TEF,BOL,1,513000.0
2024-08-01,2024-08,2024,Agosto,C2,3,6,0,Booking,221375.33333333334,664126.0,78132.47058823532,0,106036.92436974791,TEF,BOL,1,558089.0756302521
2024-08-03,2024-08,2024,Agosto,C1,1,4,0,Booking,192498.5,192498.5,22646.88235294118,0,30735.05462184874,TEF,BOL,1,161763.44537815126
2024-08-08,2024-08,2024,Agosto,C2,3,6,0,Venta Directa,180000.0,540000.0,0.0,0,86218.48739495799,TEF,BOL,0,453781.512605042
2024-08-08,2024-08,2024,Agosto,C1,1,5,0,Booking,158811.5,158811.5,18683.70588235294,0,25356.45798319328,TEF,BOL,1,133455.04201680672
2024-08-09,2024-08,2024,Agosto,C1,2,6,0,Booking,244819.74999999997,489639.49999999994,57604.64705882353,0,78177.73529411765,TEF,BOL,1,411461.76470588235
2024-08-13,2024-08,2024,Agosto,C1,1,5,0,Booking,179293.5,179293.5,21093.352941176472,0,28626.693277310922,TEF,BOL,1,150666.80672268907
2024-08-13,2024-08,2024,Agosto,C2,2,6,0,Venta Directa,160000.0,320000.0,0.0,0,51092.43697478992,TEF,BOL,0,268907.5630252101
2024-08-15,2024-08,2024,Agosto,C1,3,6,0,Venta Directa,180000.0,540000.0,0.0,0,86218.48739495799,TEF,BOL,0,453781.512605042
2024-08-15,2024-08,2024,Agosto,C2,3,6,0,Venta Directa,180000.0,540000.0,0.0,0,86218.48739495799,Transbank,BOL,0,453781.512605042
2024-08-22,2024-08,2024,Agosto,C1,3,5,0,Booking,205861.83333333334,617585.5,72657.11764705884,0,98606.08823529413,TEF,BOL,1,518979.4117647059
2024-08-23,2024-08,2024,Agosto,C2,2,4,0,Venta Directa,170000.0,340000.0,0.0,0,54285.71428571429,Transbank,BOL,0,285714.28571428574
2024-08-30,2024-08,2024,Agosto,C2,2,7,0,Venta Directa,170000.0,340000.0,0.0,0,54285.71428571429,Transbank,FAC,0,285714.28571428574
2024-09-02,2024-09,2024,Septiembre,C2,3,3,0,Booking,193315.5,579946.5,68229.0,0,92596.5,TEF,BOL,1,487350.0
2024-09-13,2024-09,2024,Septiembre,C1,2,4,0,Booking,201457.0,402914.0,47401.64705882353,0,64330.80672268908,Transbank,BOL,1,338583.19327731093
2024-09-14,2024-09,2024,Septiembre,C2,3,7,0,Venta Directa,150000.0,450000.0,0.0,0,71848.73949579832,Transbank,BOL,0,378151.2605042017
2024-09-18,2024-09,2024,Septiembre,C2,1,4,0,Airbnb,330000.0,330000.0,11780.999999999998,0,52689.075630252104,Transbank,BOL,0,277310.9243697479
2024-09-18,2024-09,2024,Septiembre,C1,4,6,0,Booking,231674.125,926696.5,109023.11764705884,0,147959.94537815126,Transbank,BOL,1,778736.5546218487
2024-09-19,2024-09,2024,Septiembre,C2,3,6,0,Venta Directa,180000.0,540000.0,0.0,0,86218.48739495799,Transbank,BOL,0,453781.512605042
